{
    "metrics": {
        "http_req_waiting": {
            "avg": 38.788538444508255,
            "min": 1.032956,
            "med": 23.7696175,
            "max": 275.493404,
            "p(90)": 87.36144,
            "p(95)": 144.66705875
        },
        "http_req_duration{name:duels_detail_creator}": {
            "max": 86.485728,
            "p(90)": 69.7193758,
            "p(95)": 74.71531885,
            "avg": 43.84279595522388,
            "min": 3.079269,
            "med": 52.8950795,
            "thresholds": {
                "p(95)<700": false
            }
        },
        "http_req_failed": {
            "passes": 0,
            "fails": 5226,
            "thresholds": {
                "rate<0.02": false
            },
            "value": 0
        },
        "http_req_duration{name:auth_login_creator}": {
            "max": 37.508761,
            "p(90)": 25.5377481,
            "p(95)": 28.739682199999994,
            "avg": 14.414109052238823,
            "min": 1.163216,
            "med": 15.716334,
            "thresholds": {
                "p(95)<400": false
            }
        },
        "iterations": {
            "count": 402,
            "rate": 12.950006482610565
        },
        "http_req_duration{name:duels_checkin}": {
            "min": 8.851437,
            "med": 160.9533905,
            "max": 275.704327,
            "p(90)": 193.02261900000002,
            "p(95)": 199.20283460000002,
            "avg": 132.75655402487556,
            "thresholds": {
                "p(95)<700": false
            }
        },
        "http_req_receiving": {
            "avg": 0.07750340202831982,
            "min": 0.016702,
            "med": 0.066547,
            "max": 1.285652,
            "p(90)": 0.121638,
            "p(95)": 0.15862175
        },
        "vus_max": {
            "value": 20,
            "min": 20,
            "max": 20
        },
        "http_req_duration": {
            "p(90)": 87.4882785,
            "p(95)": 144.77922525,
            "avg": 39.01291856735558,
            "min": 1.098371,
            "med": 23.9075785,
            "max": 275.704327,
            "thresholds": {
                "p(95)<800": false,
                "p(99)<1500": false
            }
        },
        "checks": {
            "passes": 6432,
            "fails": 0,
            "value": 1
        },
        "iteration_duration": {
            "avg": 1509.6813374900494,
            "min": 1045.341704,
            "med": 1580.7641545000001,
            "max": 1868.921421,
            "p(90)": 1778.5652754,
            "p(95)": 1828.3449292
        },
        "http_req_duration{name:leaderboard}": {
            "med": 36.8277165,
            "max": 86.791288,
            "p(90)": 65.7352036,
            "p(95)": 81.717031,
            "avg": 36.391825833333336,
            "min": 4.318112,
            "thresholds": {
                "p(95)<500": false
            }
        },
        "http_req_tls_handshaking": {
            "min": 0,
            "med": 0,
            "max": 0,
            "p(90)": 0,
            "p(95)": 0,
            "avg": 0
        },
        "data_received": {
            "count": 6543374,
            "rate": 210787.89979638165
        },
        "vus": {
            "min": 2,
            "max": 20,
            "value": 2
        },
        "http_req_connecting": {
            "avg": 0.01608345024875622,
            "min": 0,
            "med": 0,
            "max": 38.711643,
            "p(90)": 0,
            "p(95)": 0
        },
        "http_req_sending": {
            "avg": 0.14687672081898226,
            "min": 0.005261,
            "med": 0.0120255,
            "max": 40.480742,
            "p(90)": 0.029788000000000002,
            "p(95)": 0.03531425
        },
        "data_sent": {
            "count": 1924704,
            "rate": 62002.31163459324
        },
        "http_req_duration{expected_response:true}": {
            "p(90)": 87.4882785,
            "p(95)": 144.77922525,
            "avg": 39.01291856735558,
            "min": 1.098371,
            "med": 23.9075785,
            "max": 275.704327
        },
        "http_reqs": {
            "rate": 168.35008427393734,
            "count": 5226
        },
        "http_req_blocked": {
            "avg": 0.022629936471488716,
            "min": 0.000928,
            "med": 0.002071,
            "max": 39.36984,
            "p(90)": 0.0034584999999999998,
            "p(95)": 0.004234
        },
        "http_req_duration{name:auth_register_creator}": {
            "max": 82.763127,
            "p(90)": 31.167697200000003,
            "p(95)": 35.14156489999999,
            "avg": 17.10568475373136,
            "min": 2.040549,
            "med": 14.2383165,
            "thresholds": {
                "p(95)<400": false
            }
        },
        "http_req_duration{name:duels_create_directed}": {
            "p(90)": 117.5471182,
            "p(95)": 125.2619668,
            "avg": 76.14280972636816,
            "min": 5.339637,
            "med": 90.9869975,
            "max": 144.330273,
            "thresholds": {
                "p(95)<700": false
            }
        },
        "http_req_duration{name:duels_accept}": {
            "p(95)": 84.31450155,
            "avg": 49.89677872636817,
            "min": 4.052607,
            "med": 56.492182,
            "max": 97.630885,
            "p(90)": 80.64774910000001,
            "thresholds": {
                "p(95)<700": false
            }
        }
    },
    "root_group": {
        "name": "",
        "path": "",
        "id": "d41d8cd98f00b204e9800998ecf8427e",
        "groups": {},
        "checks": {
                "creator register status is 201": {
                    "path": "::creator register status is 201",
                    "id": "a2b503a571e10e8d0ee251c9402e57bb",
                    "passes": 402,
                    "fails": 0,
                    "name": "creator register status is 201"
                },
                "creator register returns token": {
                    "name": "creator register returns token",
                    "path": "::creator register returns token",
                    "id": "2408c3282d680115eb086972b54203c6",
                    "passes": 402,
                    "fails": 0
                },
                "opponent register status is 201": {
                    "name": "opponent register status is 201",
                    "path": "::opponent register status is 201",
                    "id": "c257c1e2ff3f9e384b8708c508c32d35",
                    "passes": 402,
                    "fails": 0
                },
                "opponent register returns token": {
                    "id": "8579f8a54b81f5eee0e6a111b4fb2db2",
                    "passes": 402,
                    "fails": 0,
                    "name": "opponent register returns token",
                    "path": "::opponent register returns token"
                },
                "creator login status is 200": {
                    "path": "::creator login status is 200",
                    "id": "75096363f0b9066e2be150a502a54239",
                    "passes": 402,
                    "fails": 0,
                    "name": "creator login status is 200"
                },
                "opponent login status is 200": {
                    "path": "::opponent login status is 200",
                    "id": "40cf578a59b596eb79e718a4779b3283",
                    "passes": 402,
                    "fails": 0,
                    "name": "opponent login status is 200"
                },
                "users me status is 200": {
                    "name": "users me status is 200",
                    "path": "::users me status is 200",
                    "id": "e593c2573ab7eea19df0cc3f86a07f3b",
                    "passes": 402,
                    "fails": 0
                },